,Name,Size,Role,SCM,Boost,SCU,Crew min,Crew max,Length (m),Beam (m),Height (m),Mass(kg),Status,Manufacturer,Patch release
0,100i,Small,Starter;Touring,210,1000,2,1,1,19.3,11,4,48143,Flight Ready,ORIG,
1,125a,Small,Starter;Light Fighter,230,1150,2,1,1,19.3,11,4,48143,Flight Ready,ORIG,
2,135c,Small,Starter;Light Freight,190,1095,6,1,1,19.3,11,4,48143,Flight Ready,ORIG,Alpha 3.11.0
3,300i,Small,Touring,204,1190,8,1,1,27,17,8,66320,Flight Ready,ORIG,Patch 1 (Original)Alpha 3.5.0 (Rework)
4,315p,Small,Pathfinder,210,1225,12,1,1,27,17,8,69220,Flight Ready,ORIG,Patch 1 (Original)Alpha 3.5.1 (Rework)
5,325a,Small,Interdiction,225,1315,4,1,1,27,17,8,81435,Flight Ready,ORIG,
6,350r,Small,Racing,258,1345,4,1,1,27,17,8,58530,Flight Ready,ORIG,Patch 1 (Original)Alpha 3.5.1 (Rework)
7,400i,Large,Pathfinder,184,1249,42,1,3,60,32,12.5,455927.06,Flight Ready,ORIG,
8,600i Executive-Edition,Large,Expedition,145,975,40,2,5,91.5,52,17,1576792,Flight Ready,ORIG,
9,600i Explorer,Large,Expedition,145,975,40,2,5,91.5,52,17,1626251.25,Flight Ready,ORIG,
10,600i Touring,Large,Touring,135,950,16,3,5,91.5,52,17,1576792,Flight Ready,ORIG,
11,85X,Snub,Touring,255,1185,0,1,2,13,10,2,19097,Flight Ready,ORIG,
12,890 Jump,Capital,Touring,80,900,484,3,5,210,71,40,44246556,Flight Ready,ORIG,
13,A2 Hercules Starlifter,Large,Transport Gunship,135,961,216,1,8,94,70,23,3191991.75,Flight Ready,CRSD,
14,Apollo Medivac,Large,Support - Medical,195,1100,28,1,2,43,30,10,376500,Announced,RSI,TBA
15,Apollo Triage,Large,Support - Medical,205,1210,28,1,2,43,30,10,376500,Announced,RSI,TBA
16,Ares Star Fighter Inferno,Medium,Heavy Combat Fighter,170,818,0,1,1,27.2,30.2,5.5,343454.97,Flight Ready,CRSD,
17,Ares Star Fighter Ion,Medium,Heavy Combat Fighter,170,818,0,1,1,27.2,30.2,5.5,342194.97,Flight Ready,CRSD,
18,Arrow,Small,Light Fighter,270,1235,0,1,1,16,12,4,34377,Flight Ready,ANVL,
19,Aurora CL,Light Freight,Small,185,1095,6,1,1,18,8,4,25172,Flight Ready,RSI,
20,Aurora ES,Small,Starter;Pathfinder,190,1140,3,1,1,18,8,4,25172,Flight Ready,RSI,
21,Aurora LN,Small,Light Fighter,185,1210,3,1,1,18,8,4,25338,Flight Ready,RSI,
22,Aurora LX,Small,Pathfinder,190,1200,3,1,1,18,8,4,25017,Flight Ready,RSI,
23,Aurora MR,Small,Light Fighter,195,1210,3,1,1,18,8,4,28696.99,Flight Ready,RSI,
24,Avenger Stalker,Small,Interdiction,250,1310,0,1,1,22.5,16.5,5.5,50040,Flight Ready,AEGS,
25,Avenger Titan,Small,Light Freight,188,1113,8,1,1,22.5,16.5,5.5,52868.42,Flight Ready,AEGS,
26,Avenger Titan Renegade,Small,Light Freight,188,1113,8,1,1,22.5,16.5,5.5,52868.42,Flight Ready,AEGS,
27,Avenger Warlock,Small,Interdiction,240,1305,0,1,1,22.5,16.5,5.5,50070,Flight Ready,AEGS,
28,Bengal,Capital,Fleet carrier,30,900,0,20,750,990,10,20,155608432,Production,RSI,TBA
29,Blade,Small,Light Fighter,290,1240,0,1,1,16.5,20,5.5,26056,Flight Ready,ESRA,
30,Blade (vanduul),Small,Light Fighter,214,1238,0,1,1,15.5,20,4.5,27019,Production,VNCL,
31,Buccaneer,Small,Interdiction,280,1315,0,1,1,15,16,4.5,42276,Flight Ready,DRAK,
32,C2 Hercules Starlifter,Large,Transport,135,962,696,,2,94,70,23,3193461,Flight Ready,CRSD,
33,C8 Pisces,Small,Exploration,140,1150,4,1,3,12,10,3.2,48143,Flight Ready,ANVL,
34,C8X Pisces Expedition,Small,Exploration,140,1150,4,1,3,13,10,3.2,48143,Flight Ready,ANVL,Alpha 3.7.2
35,Carrack,Large,Expedition,208,1076,456,4,6,126.5,76.5,30,4397858,Flight Ready,ANVL,
36,Carrack Best in Show 2950 Edition,Large,Expedition,208,1076,456,4,6,126.5,76.5,30,4397858,Flight Ready,ANVL,
37,Carrack Expedition,Large,Expedition,208,1076,456,4,6,126.5,76.5,30,4397858,Flight Ready,ANVL,
38,Caterpillar,Large,Transport,130,890,564,2,4,111.5,39,13.5,1673626.25,Flight Ready,DRAK,
39,Caterpillar Best In Show Edition,Large,Transport,130,890,564,2,4,111.5,39,13.5,1608205,Flight Ready,DRAK,
40,Caterpillar Pirate Edition,Large,Transport,130,890,564,2,4,111.5,39,13.5,1608205,Flight Ready,DRAK,
41,Collector,,,,,,,,,,,,Concept,VNCL,
42,Constellation Andromeda,Large,Medium Freight;Gunship,190,910,96,3,4,61,26,14,436531.22,Flight Ready,RSI,
43,Constellation Aquila,Large,Expedition,190,985,96,3,4,61,26,14,453823.25,Flight Ready,RSI,
44,Constellation Phoenix,Large,Touring,144,911,96,3,4,61,26,14,417510,Flight Ready,RSI,Alpha 3.3.0
45,Constellation Phoenix Emerald,Large,Touring,144,911,96,3,4,61,26,14,417510,Flight Ready,RSI,Alpha 3.4.0
46,Constellation Taurus,Large,Medium Freight,144,911,174,3,4,61,26,14,431529.28,Flight Ready,RSI,
47,Corsair,Large,Exploration,,,72,1,4,55,27,31,,Production,DRAK,TBA
48,Crucible,Large,Heavy Repair,,,230,3,8,90,50,20,3650500,Announced,ANVL,TBA
49,Cutlass Black,Medium,Medium Fighter;Medium Freight,220,1115,46,2,2,29,26.5,10,226700,Flight Ready,DRAK,
50,Cutlass Black Best In Show Edition,Medium,Medium Fighter;Medium Freight,220,1115,46,2,2,29,26.5,10,226700,Flight Ready,DRAK,?
51,Cutlass Black Best in Show 2950 Edition,Medium,Medium Fighter;Medium Freight,220,1115,46,2,2,29,26.5,10,226700,Flight Ready,DRAK,
52,Cutlass Blue,Medium,Interdiction,220,1115,12,2,2,29,26.5,10,226700,Flight Ready,DRAK,
53,Cutlass Red,Medium,Medical,165,1198,12,2,2,36,26,12,226700,Flight Ready,DRAK,
54,Cutter,Snub,,,,,,,,,,,Announced,[[]],
55,Defender,Small,Light Fighter,,,0,1,2,25.5,20,8,78406,Flight Ready,SOUL,
56,Driller,Capital,Escort and troop carrier,,,,,,"1,700[1]",,,,Production,VNCL,
57,Eclipse,Medium,Stealth Bomber,195,980,0,1,1,20.5,36.6,4.4,57938.02,Flight Ready,AEGS,Alpha 3.2.0
58,Eclipse Best in Show 2950 Edition,Medium,Stealth Bomber,195,980,0,1,1,20.5,36.6,4.4,54216,Flight Ready,AEGS,Alpha 3.11.1
59,Endeavor,Capital,Heavy Science,,,500,,,200,48,20,4055000,Announced,MISC,
60,Endeavor Discovery,Capital,Heavy Science,,,500,3,5,200,48,20,4055000,Announced,MISC,TBA
61,Endeavor Hope,Capital,Heavy Science,,,500,3,5,200,48,20,4055000,Announced,MISC,TBA
62,Endeavor Olympic,Capital,Heavy Science,,,500,3,5,200,48,20,4055000,Announced,MISC,TBA
63,F7A Hornet,Small,Medium Fighter,200,1500,0,1,1,22.5,22,7,80695.01,Production,ANVL,TBA
64,F7C Hornet,Small,Medium Fighter,235,1225,2,1,1,22.5,21.5,6.5,73535,Flight Ready,ANVL,?
65,F7C Hornet Wildfire,Small,Medium Fighter,185,1224,0,1,1,22.5,21.5,6.5,73535,Flight Ready,ANVL,Alpha 2.6.0
66,F7C-M Super Hornet,Small,Medium Fighter,230,1220,0,1,2,25.5,24,6.5,78466,Flight Ready,ANVL,
67,F7C-M Super Hornet Heartseeker,Small,Medium Fighter,230,1220,0,1,2,25.5,24,6.5,78466,Flight Ready,ANVL,Alpha 3.5.0
68,F7C-R Hornet Tracker,Small,Pathfinder,240,1215,0,1,1,22.5,21.5,6.5,73497,Flight Ready,ANVL,?
69,F7C-S Hornet Ghost,Small,Stealth Fighter,235,1225,0,1,1,22.5,21.5,6.5,73454,Flight Ready,ANVL,?
70,F8A Lightning,Small,Heavy Fighter,,,,1,1,,,,161236.03,Production,ANVL,TBA
71,F8C Lightning,Small,Heavy Fighter,,,,1,1,,,,,Production,ANVL,TBA
72,F8C Lightning Executive-Edition,Small,Heavy Fighter,,,,1,1,,,,,Production,ANVL,TBA
73,Freelancer,Medium,Medium Freight,205,1005,66,2,4,38,23.5,9.5,209230,Flight Ready,MISC,
74,Freelancer DUR,Medium,Expedition,,,36,2,4,38,23.5,9.5,213680,Flight Ready,MISC,Alpha 3.4.0
75,Freelancer MAX,Medium,Medium Freight,,,120,2,4,38,36,9.5,336230,Flight Ready,MISC,
76,Freelancer MIS,Medium,Gunship,,,36,2,4,38,23.5,9.5,213680,Flight Ready,MISC,Alpha 3.4.0
77,Genesis Starliner,Large,Passenger,,,300,2,8,85,90,16,3120000,Announced,CRSD,TBA
78,Gladiator,Small,Bomber,200,980,0,1,2,22.5,22.5,6,87497,Flight Ready,ANVL,
79,Gladius,Small,Light Fighter,207,1235,0,1,1,20,17,5.5,57685.05,Flight Ready,AEGS,
80,Gladius Valiant,Small,Light Fighter,207,1235,0,1,1,20,17,5.5,57685.06,Flight Ready,AEGS,
81,Glaive,Medium,Medium Fighter,255,1230,0,1,1,31,31.5,8.5,66013,Flight Ready,ESRA,?
82,Hammerhead,Large,Heavy Gunship,,,40,3,8,115,75,16,4630030,Flight Ready,AEGS,Alpha 3.3.0
83,Hammerhead Best In Show Edition,Large,Heavy Gunship,,,40,3,8,115,75,16,4260000,Flight Ready,AEGS,
84,Hawk,Small,Light Fighter,200,500,0,1,1,17,22,6.5,40000,Flight Ready,ANVL,Alpha 3.4.0
85,Herald,Small,Medium Data,235,1360,0,1,1,23.5,12.5,9,66031,Flight Ready,DRAK,Alpha 2.6.0
86,Hull A,Small,Medium Freight,,,Estimated: 512,,,22,8,4,122650,Production,MISC,
87,Hull B,Medium,Heavy Freight,,,"Estiamted: 1,024",1,1,49,15.5,17,387500,Announced,MISC,
88,Hull C,Large,Heavy Freight,,,"Estimated: 4,608",2,4,125,55,55,886930,Production,MISC,
89,Hull D,Capital,Heavy Freight,,,"Estimated: 6,144",3,5,209,70,70,1216000,Announced,MISC,
90,Hull E,Capital,Heavy Freight,,,"Estimated: 8,192",4,5,372,104,104,1652000,Announced,MISC,
91,Hurricane,Small,Heavy Fighter,265,1125,0,2,2,22,14.5,6,86454,Flight Ready,ANVL,
92,Idris-K,Capital,Frigate,,,,,,,,,,Announced,AEGS,TBA
93,Idris-M,Capital,Frigate,,,831,8,28,242,126,46,37866540,Production,AEGS,TBA
94,Idris-P,Capital,Frigate,,,995,8,28,233,126,46,37310200,Announced,AEGS,TBA
95,Javelin,Capital,Destroyer,,,5400,12,80,480,198,72,109860179,Production,AEGS,TBA
96,Khartu-Al,Small,Light Fighter,300,1325,0,1,1,31.5,12.5,8.5,67115,Flight Ready,AOPA,
97,Kingship,Capital,Fleet Carrier,,,,,,"2,800[2]",,,,Production,VNCL,
98,Kraken,Capital,Multi-Role - Light Carrier,,,3792,,10,270,104,64,,Announced,DRAK,TBA
99,Kraken Conversion Kit,,,,,,,,,,,,Announced,DRAK,TBA
100,Kraken Privateer,Capital,Multi-Role - Light Carrier,,,768,,10,270,104,64,,Announced,DRAK,TBA
101,Liberator,Large,Transporter,115,,400,1,2,119,67,25,,Announced,ANVL,
102,M2 Hercules Starlifter,Large,Transport Military,130,962,522,,3,94,70,23,,Flight Ready,CRSD,
103,M50,Small,Racing,330,1345,0,1,1,11,10,3,10580,Flight Ready,ORIG,?
104,MOLE,Medium,Prospecting and Mining,127,1089,288 (24*12),1,4,45,25,15,,Flight Ready,ARGO,
105,MOLE Carbon,Medium,Prospecting and Mining,,,288 (24*12),1,4,45,25,15,,Flight Ready,ARGO,
106,MOLE Talus,Medium,Prospecting and Mining,,,288 (24*12),1,4,45,25,15,,Flight Ready,ARGO,
107,MPUV Cargo,Snub,Light Freight,150,900,2,1,1,9.5,8.5,4.3,12187,Flight Ready,ARGO,
108,MPUV Personnel,Snub,Passenger,150,920,0,1,1,9.3,8.5,4.3,12307,Flight Ready,ARGO,
109,Mantis,Small,Military;Stealth,168,1220,0,1,1,30,17,8,225621,Flight Ready,RSI,
110,Merchantman,Large,Heavy Freight,,,2880,4,8,160,160,65,9635000,Production,SOUL,
111,Mercury Star Runner,Medium,Medium Cargo;Medium Data,215,1287,114,2,3,56,51,16,1633722,Flight Ready,CRSD,
112,Mustang Alpha,Small,Cargo,255,1160,4,1,1,21.5,18,9,32970,Flight Ready,CNOU,?
113,Mustang Alpha Vindicator,Small,Starter;Light Freight,255,1160,4,1,1,17.5,15.5,5.5,32970,Flight Ready,CNOU,?
114,Mustang Beta,Small,Pathfinder,250,1215,0,1,1,21.5,18,9,39610,Flight Ready,CNOU,?
115,Mustang Delta,Small,Light Fighter,240,1225,0,1,1,21,18,9,37345,Flight Ready,CNOU,
116,Mustang Gamma,Small,Racing,325,1340,0,1,1,21.5,18,9,30263,Flight Ready,CNOU,?
117,Mustang Omega,Small,Racing,325,1340,0,1,1,21.5,18,9,30263,Flight Ready,CNOU,?
118,Nautilus,Large,Minelayer,115,,64,4,8,125,72,21.6,13526320,Announced,AEGS,TBA
119,Nautilus Solstice,Large,Minelayer,115,,64,4,8,125,72,21.6,13526320,Announced,AEGS,TBA
120,Nomad,Small,Light Freight,180,1171,24,1,1,26.5,18.3,9.2,228123,Flight Ready,CNOU,
121,Odyssey,Large,Expedition,,,252,1,6,140,90,35,,Announced,MISC,
122,Orion,Capital,Heavy Mining,,,384,4,7,170,50,50,26496000,Announced,RSI,TBA
123,P-52 Merlin,Snub,Snub Fighter,270,1030,0,1,1,12,7.7,2.2,8493,Flight Ready,KRIG,
124,P-72 Archimedes,Snub,Racing,250,,0,1,1,12,7.7,2.2,8290,Flight Ready,KRIG,Alpha 3.6.0
125,P-72 Archimedes Emerald,Snub,Racing,250,,0,1,1,12,7.7,2.2,8290,Flight Ready,KRIG,Alpha 3.10.0
126,Pegasus,Capital,Escort Carrier,,,,,,,,,,Production,RSI,
127,Perseus,Large,Gunship,92,,50,6,6,100,50,21,,Concept,RSI,TBA
128,Pioneer,Capital,Heavy Construction,85,,600,4,8,200,125,30,35600000,Announced,CNOU,TBA
129,Pirate Gladius,Small,Light Fighter,207,1235,0,1,1,20,17,5.5,57685.06,Flight Ready,AEGS,
130,Polaris,Capital,Corvette,,,216,6,14,155,82,35,17155000,Concept,RSI,TBA
131,Prospector,Small,Prospecting and Mining,200,1210,0,1,1,24,15,7,146117.98,Flight Ready,MISC,
132,Prowler,Medium,Dropship,178,1116,0,2,2,34,33,15,171700,Flight Ready,ESRA,Alpha 3.9.0
133,RAFT,Medium,Medium Freight,134,839,96 (3x32),1,2,39.5,23,12,1183477.88,Flight Ready,ARGO,
134,Railen,Medium,Cargo,,,320,,4,Flight: 53.0 metersLanded: 65.0,Flight: 52.0 metersLanded: 52.0,Flight: 67.0 metersLanded: 37.0,,Concept,GAMA,
135,Razor,Small,Racing,335,1345,0,1,1,11.5,8.2,2.7,10925,Flight Ready,MISC,Alpha 3.1.0
136,Razor EX,Small,Stealth,325,1340,0,1,1,11.5,8.2,2.7,10925,Flight Ready,MISC,?
137,Razor LX,Small,Luxury,340,1345,0,1,1,11.5,8.2,2.7,10925,Flight Ready,MISC,?
138,Reclaimer,Large,Heavy Salvage,100,930,180,4,5,155,118,50,9500158,Flight Ready,AEGS,Alpha 3.1.0
139,Reclaimer Best In Show Edition,Large,Heavy Salvage,100,930,180,4,5,155,118,50,9500158,Flight Ready,AEGS,?
140,Redeemer,Medium,Gunship,139,959,2,3,4,37.5,19.5,11,473296.41,Flight Ready,AEGS,
141,Reliant Kore,Small,Starter;Light Freight,220,1150,6,1,2,14.5,28.5,4,38566,Flight Ready,MISC,Alpha 2.5.0
142,Reliant Mako,Small,Reporting,,,0,1,2,14.5,28.5,4,38566,Flight Ready,MISC,Alpha 3.5.0
143,Reliant Sen,Small,Light Science,,,2,1,2,14.5,28.5,4,38566,Flight Ready,MISC,Alpha 3.5.0
144,Reliant Tana,Small,Light Fighter,,,1,1,2,14.5,28.5,4,38566,Flight Ready,MISC,
145,Retaliator Base,Large,Heavy Bomber,185,815,0,4,7,69.5,42.5,12.5,300392,Production,AEGS,TBA
146,Retaliator Bomber,Large,Heavy Bomber,145,814,0,4,7,69.5,42.5,12.5,348634.34,Flight Ready,AEGS,
147,SRV,Small,Industrial;Civilian,200,,10,1,1,28.5,19.5,8.7,231680,Announced,ARGO,TBA
148,Sabre,Small,Stealth Fighter,275,1235,0,1,1,24,26,5,92235.71,Flight Ready,AEGS,
149,Sabre Comet,Small,Stealth Fighter,215,1235,0,1,1,24,26,5,78513,Flight Ready,AEGS,Alpha 2.6.0
150,Sabre Raven,Small,Interdiction,275,1235,0,1,1,24,20.5,5,69433,Flight Ready,AEGS,Alpha 3.0.0
151,San'tok.yāi,Medium,Medium Fighter,265,,0,1,1,24,23,10,106566,Concept,AOPA,TBA
152,Scorpius,Small,Heavy Fighter,,,0,1,2,Flying: 24.5 metersLanded: 30.0,Flying: 33.0 metersLanded: 13.2,Flying: 13.0 metersLanded: 6.1,,Production,RSI,
153,Scythe,Small,Medium Fighter,194,1230,0,1,1,31,23,8.5,73941.98,Flight Ready,[[Vanduul Clans (originally)Esperia (human conversion)]],
154,Scythe (vanduul),Small,Medium Fighter,,,,1,1,,,,,Production,VNCL,
155,Starfarer,Large,Heavy Refuelling,890,,291,4,8,101,46.5,23.5,3510025,Flight Ready,MISC,
156,Starfarer Gemini,Large,Heavy Refuelling,890,,291,4,6,101,46.5,23.5,3517864,Flight Ready,MISC,
157,Talon,Small,Light Fighter,250,1235,0,1,1,20,18,5,60836.04,Flight Ready,ESRA,
158,Talon Shrike,Small,Light Fighter,250,1235,0,1,1,20,18,5,60836.04,Flight Ready,ESRA,
159,Terrapin,Small,Pathfinder,210,1205,0,1,1,19.5,14.5,6,172377.97,Flight Ready,ANVL,Alpha 3.1.0
160,Valkyrie,Small,Military;Industrial,,,30,,5,38,28,9.5,75000,Flight Ready,ANVL,Alpha 3.3.0
161,Valkyrie Best in Show 2950 Edition,Small,Military;Industrial,,,30,,5,38,28,9.5,75000,Flight Ready,ANVL,Alpha 3.11.1
162,Valkyrie Liberator Edition,Small,Military;Industrial,,,30,,5,38,28,9.5,75000,Flight Ready,ANVL,?
163,Vanguard Harbinger,Medium,Bomber,,,0,2,2,38,26.5,9.5,240092,Flight Ready,AEGS,
164,Vanguard Hoplite,Medium,Dropship,230,1020,0,2,2,38,26.5,9.5,229440,Flight Ready,AEGS,Alpha 2.6.0
165,Vanguard Sentinel,Medium,Interdiction,,,0,2,2,38,26.5,9.5,238616,Flight Ready,AEGS,Alpha 3.7.0
166,Vanguard Warden,Medium,Heavy Fighter,225,1115,0,2,2,38,26.5,9.5,256409.25,Flight Ready,AEGS,Alpha 2.1.0
167,Void,,Heavy Bomber,,,,,,124,90,33,,Production,VNCL,
168,Vulcan,Medium,Medium Repair;Medium Refuel,210,,12,1,3,38.5,16.5,10,625330,Announced,AEGS,TBA
169,Vulture,Small,Light Salvage,165,,12,1,1,33,16,9,114591,Production,DRAK,TBA
